"","AminoAcid","ATP","k_cat_AA","k_a_NH4","k_a","k_NH4","k_a_AA","k_NH4_AA","k_ribo_a","k_ribo_a_AA","k_ribo_AA_a"
"1",-2663.08558943218,224222200.842956,"0.1","0.1","0.1","1000.0","0.1","0.1","0.1","0.1","0.1"
"2",-2663.01418807023,224233284.869836,"0.1","0.1","0.1","1000.0","0.1","0.1","10.0","0.1","0.1"
"3",-2656.24830533006,225300035.638154,"0.1","0.1","0.1","1000.0","0.1","0.1","1000.0","0.1","0.1"
"4",-2663.08533338561,224222288.539533,"0.1","0.1","0.1","1000.0","0.1","10.0","0.1","0.1","0.1"
"5",-2663.01393485565,224233370.248615,"0.1","0.1","0.1","1000.0","0.1","10.0","10.0","0.1","0.1"
"6",-2656.2481103415,225300074.075683,"0.1","0.1","0.1","1000.0","0.1","10.0","1000.0","0.1","0.1"
"7",-2663.08522062179,224222313.106473,"0.1","0.1","0.1","1000.0","0.1","1000.0","0.1","0.1","0.1"
"8",-2663.01366627151,224233505.763702,"0.1","0.1","0.1","1000.0","0.1","1000.0","10.0","0.1","0.1"
"9",-2656.24798380277,225300107.211605,"0.1","0.1","0.1","1000.0","0.1","1000.0","1000.0","0.1","0.1"
"10",-2663.08550910817,224222227.962171,"0.1","0.1","0.1","1000.0","10.0","0.1","0.1","0.1","0.1"
"11",-2663.01393311202,224233426.129894,"0.1","0.1","0.1","1000.0","10.0","0.1","10.0","0.1","0.1"
"12",-2656.24788829522,225300278.746276,"0.1","0.1","0.1","1000.0","10.0","0.1","1000.0","0.1","0.1"
"13",-2663.08390941757,224222801.215534,"0.1","0.1","0.1","1000.0","10.0","10.0","0.1","0.1","0.1"
"14",-2663.01249828501,224233893.637013,"0.1","0.1","0.1","1000.0","10.0","10.0","10.0","0.1","0.1"
"15",-2656.24628922203,225300843.021747,"0.1","0.1","0.1","1000.0","10.0","10.0","1000.0","0.1","0.1"
"16",-2663.08125375273,224223506.088665,"0.1","0.1","0.1","1000.0","10.0","1000.0","0.1","0.1","0.1"
"17",-2663.00982497712,224234602.585877,"0.1","0.1","0.1","1000.0","10.0","1000.0","10.0","0.1","0.1"
"18",-2656.24395934268,225301293.455831,"0.1","0.1","0.1","1000.0","10.0","1000.0","1000.0","0.1","0.1"
"19",-2663.08549932725,224222226.16571,"0.1","0.1","0.1","1000.0","1000.0","0.1","0.1","0.1","0.1"
"20",-2663.01408693617,224233318.881147,"0.1","0.1","0.1","1000.0","1000.0","0.1","10.0","0.1","0.1"
"21",-2656.24794367785,225300228.09792,"0.1","0.1","0.1","1000.0","1000.0","0.1","1000.0","0.1","0.1"
"22",-2663.08382194926,224222834.79739,"0.1","0.1","0.1","1000.0","1000.0","10.0","0.1","0.1","0.1"
"23",-2663.01223806087,224234037.913905,"0.1","0.1","0.1","1000.0","1000.0","10.0","10.0","0.1","0.1"
"24",-2656.24628735859,225300808.820835,"0.1","0.1","0.1","1000.0","1000.0","10.0","1000.0","0.1","0.1"
"25",-2663.08070747102,224223671.644156,"0.1","0.1","0.1","1000.0","1000.0","1000.0","0.1","0.1","0.1"
"26",-2663.00930541173,224234755.344409,"0.1","0.1","0.1","1000.0","1000.0","1000.0","10.0","0.1","0.1"
"27",-2656.24342662528,225301451.190318,"0.1","0.1","0.1","1000.0","1000.0","1000.0","1000.0","0.1","0.1"
"28",0.0148704499100196,3039301435.06669,"0.1","0.1","10.0","1000.0","0.1","0.1","0.1","0.1","0.1"
"29",0.0148704499584564,3039301435.06501,"0.1","0.1","10.0","1000.0","0.1","0.1","10.0","0.1","0.1"
"30",0.0148704548021855,3039301435.0808,"0.1","0.1","10.0","1000.0","0.1","0.1","1000.0","0.1","0.1"
"31",0.0148704499100187,3039301435.06672,"0.1","0.1","10.0","1000.0","0.1","10.0","0.1","0.1","0.1"
"32",0.0148704499584567,3039301435.06484,"0.1","0.1","10.0","1000.0","0.1","10.0","10.0","0.1","0.1"
"33",0.0148704548021843,3039301435.08066,"0.1","0.1","10.0","1000.0","0.1","10.0","1000.0","0.1","0.1"
"34",0.01487044991002,3039301435.06568,"0.1","0.1","10.0","1000.0","0.1","1000.0","0.1","0.1","0.1"
"35",0.0148704499584561,3039301435.06445,"0.1","0.1","10.0","1000.0","0.1","1000.0","10.0","0.1","0.1"
"36",0.0148704548021853,3039301435.08064,"0.1","0.1","10.0","1000.0","0.1","1000.0","1000.0","0.1","0.1"
"37",0.0148706423844751,3039252280.16391,"0.1","0.1","10.0","1000.0","10.0","0.1","0.1","0.1","0.1"
"38",0.0148706424329136,3039252280.16134,"0.1","0.1","10.0","1000.0","10.0","0.1","10.0","0.1","0.1"
"39",0.0148706472768459,3039252280.16372,"0.1","0.1","10.0","1000.0","10.0","0.1","1000.0","0.1","0.1"
"40",0.0148706423844738,3039252280.16234,"0.1","0.1","10.0","1000.0","10.0","10.0","0.1","0.1","0.1"
"41",0.0148706424329135,3039252280.16093,"0.1","0.1","10.0","1000.0","10.0","10.0","10.0","0.1","0.1"
"42",0.0148706472768481,3039252280.16298,"0.1","0.1","10.0","1000.0","10.0","10.0","1000.0","0.1","0.1"
"43",0.0148706423844727,3039252280.16102,"0.1","0.1","10.0","1000.0","10.0","1000.0","0.1","0.1","0.1"
"44",0.0148706424329136,3039252280.16219,"0.1","0.1","10.0","1000.0","10.0","1000.0","10.0","0.1","0.1"
"45",0.0148706472768473,3039252280.16395,"0.1","0.1","10.0","1000.0","10.0","1000.0","1000.0","0.1","0.1"
"46",0.0148706443092714,3039251788.60906,"0.1","0.1","10.0","1000.0","1000.0","0.1","0.1","0.1","0.1"
"47",0.0148706443577104,3039251788.60589,"0.1","0.1","10.0","1000.0","1000.0","0.1","10.0","0.1","0.1"
"48",0.0148706492016458,3039251788.60614,"0.1","0.1","10.0","1000.0","1000.0","0.1","1000.0","0.1","0.1"
"49",0.0148706443092706,3039251788.60895,"0.1","0.1","10.0","1000.0","1000.0","10.0","0.1","0.1","0.1"
"50",0.0148706443577101,3039251788.6059,"0.1","0.1","10.0","1000.0","1000.0","10.0","10.0","0.1","0.1"
"51",0.0148706492016444,3039251788.60683,"0.1","0.1","10.0","1000.0","1000.0","10.0","1000.0","0.1","0.1"
"52",0.0148706443092726,3039251788.6056,"0.1","0.1","10.0","1000.0","1000.0","1000.0","0.1","0.1","0.1"
"53",0.0148706443577116,3039251788.60687,"0.1","0.1","10.0","1000.0","1000.0","1000.0","10.0","0.1","0.1"
"54",0.0148706492016467,3039251788.60771,"0.1","0.1","10.0","1000.0","1000.0","1000.0","1000.0","0.1","0.1"
"55",973559.941662261,1597678.58765452,"0.1","0.1","1000.0","1000.0","0.1","0.1","0.1","0.1","0.1"
"56",991786.814131786,5837597.84947023,"0.1","0.1","1000.0","1000.0","0.1","0.1","10.0","0.1","0.1"
"57",92618.2905082933,116.356555421907,"0.1","0.1","1000.0","1000.0","0.1","0.1","1000.0","0.1","0.1"
"58",973730.398825278,14276720.5968133,"0.1","0.1","1000.0","1000.0","0.1","10.0","0.1","0.1","0.1"
"59",973437.571385364,14298103.1751332,"0.1","0.1","1000.0","1000.0","0.1","10.0","10.0","0.1","0.1"
"60",932010.959819288,15305449.5727228,"0.1","0.1","1000.0","1000.0","0.1","10.0","1000.0","0.1","0.1"
"61",943780.437527828,2277275.588925,"0.1","0.1","1000.0","1000.0","0.1","1000.0","0.1","0.1","0.1"
"62",943521.492738775,2217521.64382178,"0.1","0.1","1000.0","1000.0","0.1","1000.0","10.0","0.1","0.1"
"63",914666.445650267,219849.305916862,"0.1","0.1","1000.0","1000.0","0.1","1000.0","1000.0","0.1","0.1"
"64",6510675.70728478,7678.71960113286,"0.1","0.1","1000.0","1000.0","10.0","0.1","0.1","0.1","0.1"
"65",6766173.16650257,8018.23030302129,"0.1","0.1","1000.0","1000.0","10.0","0.1","10.0","0.1","0.1"
"66",10293610.9094484,13505.6536566569,"0.1","0.1","1000.0","1000.0","10.0","0.1","1000.0","0.1","0.1"
"67",33273512.8352102,679.029687484185,"0.1","0.1","1000.0","1000.0","10.0","10.0","0.1","0.1","0.1"
"68",33273512.837142,679.029687554899,"0.1","0.1","1000.0","1000.0","10.0","10.0","10.0","0.1","0.1"
"69",33273513.0302352,679.029694622415,"0.1","0.1","1000.0","1000.0","10.0","10.0","1000.0","0.1","0.1"
"70",86913892.3368022,28068427.417048,"0.1","0.1","1000.0","1000.0","10.0","1000.0","0.1","0.1","0.1"
"71",87173891.6415937,27200081.5505466,"0.1","0.1","1000.0","1000.0","10.0","1000.0","10.0","0.1","0.1"
"72",86481556.5877321,29047426.2662382,"0.1","0.1","1000.0","1000.0","10.0","1000.0","1000.0","0.1","0.1"
"73",7267791.21168349,8596.911408103,"0.1","0.1","1000.0","1000.0","1000.0","0.1","0.1","0.1","0.1"
"74",8158487.4838895,9626.13369301907,"0.1","0.1","1000.0","1000.0","1000.0","0.1","10.0","0.1","0.1"
"75",1883.32606034718,2.09859652064124,"0.1","0.1","1000.0","1000.0","1000.0","0.1","1000.0","0.1","0.1"
"76",45224507.425621,565.495805481787,"0.1","0.1","1000.0","1000.0","1000.0","10.0","0.1","0.1","0.1"
"77",45224507.4285041,565.495805520938,"0.1","0.1","1000.0","1000.0","1000.0","10.0","10.0","0.1","0.1"
"78",45224507.7168272,565.495809436128,"0.1","0.1","1000.0","1000.0","1000.0","10.0","1000.0","0.1","0.1"
"79",438059273.364059,71.8300073630327,"0.1","0.1","1000.0","1000.0","1000.0","1000.0","0.1","0.1","0.1"
"80",438059273.375596,71.8300073652013,"0.1","0.1","1000.0","1000.0","1000.0","1000.0","10.0","0.1","0.1"
"81",438059274.529779,71.8300075821145,"0.1","0.1","1000.0","1000.0","1000.0","1000.0","1000.0","0.1","0.1"
"82",-2669.91332548829,224222148.913505,"0.1","10.0","0.1","1000.0","0.1","0.1","0.1","0.1","0.1"
"83",-2669.84209099548,224233340.070707,"0.1","10.0","0.1","1000.0","0.1","0.1","10.0","0.1","0.1"
"84",-2663.10776474636,225299907.859319,"0.1","10.0","0.1","1000.0","0.1","0.1","1000.0","0.1","0.1"
"85",-2669.9133240045,224222148.590528,"0.1","10.0","0.1","1000.0","0.1","10.0","0.1","0.1","0.1"
"86",-2669.84208725084,224233341.656041,"0.1","10.0","0.1","1000.0","0.1","10.0","10.0","0.1","0.1"
"87",-2663.10772142405,225299938.625171,"0.1","10.0","0.1","1000.0","0.1","10.0","1000.0","0.1","0.1"
"88",-2669.91333645331,224222139.034694,"0.1","10.0","0.1","1000.0","0.1","1000.0","0.1","0.1","0.1"
"89",-2669.84208575407,224233342.762309,"0.1","10.0","0.1","1000.0","0.1","1000.0","10.0","0.1","0.1"
"90",-2663.10767851504,225299971.059727,"0.1","10.0","0.1","1000.0","0.1","1000.0","1000.0","0.1","0.1"
"91",-2669.91325778033,224222139.681893,"0.1","10.0","0.1","1000.0","10.0","0.1","0.1","0.1","0.1"
"92",-2669.84201691111,224233344.036055,"0.1","10.0","0.1","1000.0","10.0","0.1","10.0","0.1","0.1"
"93",-2663.10762271646,225299956.219227,"0.1","10.0","0.1","1000.0","10.0","0.1","1000.0","0.1","0.1"
"94",-2669.91310043475,224222204.277294,"0.1","10.0","0.1","1000.0","10.0","10.0","0.1","0.1","0.1"
"95",-2669.84202329678,224233294.725729,"0.1","10.0","0.1","1000.0","10.0","10.0","10.0","0.1","0.1"
"96",-2663.10725774946,225300174.722879,"0.1","10.0","0.1","1000.0","10.0","10.0","1000.0","0.1","0.1"
"97",-2669.91285095525,224222291.036808,"0.1","10.0","0.1","1000.0","10.0","1000.0","0.1","0.1","0.1"
"98",-2669.84177462102,224233380.432223,"0.1","10.0","0.1","1000.0","10.0","1000.0","10.0","0.1","0.1"
"99",-2663.10725408717,225300081.779712,"0.1","10.0","0.1","1000.0","10.0","1000.0","1000.0","0.1","0.1"
"100",-2669.91327130971,224222122.194526,"0.1","10.0","0.1","1000.0","1000.0","0.1","0.1","0.1","0.1"
"101",-2669.84215201203,224233237.990225,"0.1","10.0","0.1","1000.0","1000.0","0.1","10.0","0.1","0.1"
"102",-2663.10744817044,225300075.800501,"0.1","10.0","0.1","1000.0","1000.0","0.1","1000.0","0.1","0.1"
"103",-2669.91299418633,224222248.370351,"0.1","10.0","0.1","1000.0","1000.0","10.0","0.1","0.1","0.1"
"104",-2669.84190713674,224233330.948936,"0.1","10.0","0.1","1000.0","1000.0","10.0","10.0","0.1","0.1"
"105",-2663.1072612091,225300117.203312,"0.1","10.0","0.1","1000.0","1000.0","10.0","1000.0","0.1","0.1"
"106",-2669.911514314,224222784.255955,"0.1","10.0","0.1","1000.0","1000.0","1000.0","0.1","0.1","0.1"
"107",-2669.84042344206,224233875.225341,"0.1","10.0","0.1","1000.0","1000.0","1000.0","10.0","0.1","0.1"
"108",-2663.10582443294,225300606.653467,"0.1","10.0","0.1","1000.0","1000.0","1000.0","1000.0","0.1","0.1"
"109",0.014723547078124,3077223305.17356,"0.1","10.0","10.0","1000.0","0.1","0.1","0.1","0.1","0.1"
"110",0.0147235471254309,3077223305.19097,"0.1","10.0","10.0","1000.0","0.1","0.1","10.0","0.1","0.1"
"111",0.0147235518562171,3077223306.77245,"0.1","10.0","10.0","1000.0","0.1","0.1","1000.0","0.1","0.1"
"112",0.0147235470781846,3077223305.15811,"0.1","10.0","10.0","1000.0","0.1","10.0","0.1","0.1","0.1"
"113",0.0147235471254937,3077223305.1756,"0.1","10.0","10.0","1000.0","0.1","10.0","10.0","0.1","0.1"
"114",0.0147235518562784,3077223306.75647,"0.1","10.0","10.0","1000.0","0.1","10.0","1000.0","0.1","0.1"
"115",0.0147235470781853,3077223305.15779,"0.1","10.0","10.0","1000.0","0.1","1000.0","0.1","0.1","0.1"
"116",0.0147235471254929,3077223305.1736,"0.1","10.0","10.0","1000.0","0.1","1000.0","10.0","0.1","0.1"
"117",0.0147235518562793,3077223306.75694,"0.1","10.0","10.0","1000.0","0.1","1000.0","1000.0","0.1","0.1"
"118",0.0147422249453201,3072356435.92345,"0.1","10.0","10.0","1000.0","10.0","0.1","0.1","0.1","0.1"
"119",0.014742224992824,3072356435.92438,"0.1","10.0","10.0","1000.0","10.0","0.1","10.0","0.1","0.1"
"120",0.0147422297431239,3072356435.94232,"0.1","10.0","10.0","1000.0","10.0","0.1","1000.0","0.1","0.1"
"121",0.0147422249453815,3072356435.90694,"0.1","10.0","10.0","1000.0","10.0","10.0","0.1","0.1","0.1"
"122",0.0147422249928836,3072356435.90802,"0.1","10.0","10.0","1000.0","10.0","10.0","10.0","0.1","0.1"
"123",0.0147422297431832,3072356435.92268,"0.1","10.0","10.0","1000.0","10.0","10.0","1000.0","0.1","0.1"
"124",0.014742224945382,3072356435.90708,"0.1","10.0","10.0","1000.0","10.0","1000.0","0.1","0.1","0.1"
"125",0.0147422249928849,3072356435.90848,"0.1","10.0","10.0","1000.0","10.0","1000.0","10.0","0.1","0.1"
"126",0.0147422297431832,3072356435.92263,"0.1","10.0","10.0","1000.0","10.0","1000.0","1000.0","0.1","0.1"
"127",0.0147424122221639,3072307704.87216,"0.1","10.0","10.0","1000.0","1000.0","0.1","0.1","0.1","0.1"
"128",0.0147424122696682,3072307704.87381,"0.1","10.0","10.0","1000.0","1000.0","0.1","10.0","0.1","0.1"
"129",0.0147424170201653,3072307704.87627,"0.1","10.0","10.0","1000.0","1000.0","0.1","1000.0","0.1","0.1"
"130",0.0147424122222257,3072307704.85683,"0.1","10.0","10.0","1000.0","1000.0","10.0","0.1","0.1","0.1"
"131",0.0147424122697302,3072307704.85728,"0.1","10.0","10.0","1000.0","1000.0","10.0","10.0","0.1","0.1"
"132",0.0147424170202271,3072307704.85713,"0.1","10.0","10.0","1000.0","1000.0","10.0","1000.0","0.1","0.1"
"133",0.0147424122222271,3072307704.85691,"0.1","10.0","10.0","1000.0","1000.0","1000.0","0.1","0.1","0.1"
"134",0.0147424122697325,3072307704.85728,"0.1","10.0","10.0","1000.0","1000.0","1000.0","10.0","0.1","0.1"
"135",0.0147424170202279,3072307704.85694,"0.1","10.0","10.0","1000.0","1000.0","1000.0","1000.0","0.1","0.1"
"136",17.8427381950207,2.01428427098252,"0.1","10.0","1000.0","1000.0","0.1","0.1","0.1","0.1","0.1"
"137",18.4961066925831,2.08737834152536,"0.1","10.0","1000.0","1000.0","0.1","0.1","10.0","0.1","0.1"
"138",9613.79018976488,4208912.27697681,"0.1","10.0","1000.0","1000.0","0.1","0.1","1000.0","0.1","0.1"
"139",1096.79781000696,1.41753192925207,"0.1","10.0","1000.0","1000.0","0.1","10.0","0.1","0.1","0.1"
"140",8792.2956435529,4610871.02068945,"0.1","10.0","1000.0","1000.0","0.1","10.0","10.0","0.1","0.1"
"141",9472.24791947982,4773455.27218189,"0.1","10.0","1000.0","1000.0","0.1","10.0","1000.0","0.1","0.1"
"142",8816.76130379802,4559317.232779,"0.1","10.0","1000.0","1000.0","0.1","1000.0","0.1","0.1","0.1"
"143",9014.96365802043,5551059.56379563,"0.1","10.0","1000.0","1000.0","0.1","1000.0","10.0","0.1","0.1"
"144",9033.8166379894,5737894.15838593,"0.1","10.0","1000.0","1000.0","0.1","1000.0","1000.0","0.1","0.1"
"145",11.8532689641893,1.34296492327314,"0.1","10.0","1000.0","1000.0","10.0","0.1","0.1","0.1","0.1"
"146",912507.371869098,5284932.89298044,"0.1","10.0","1000.0","1000.0","10.0","0.1","10.0","0.1","0.1"
"147",158.523721923221,17.6877952095106,"0.1","10.0","1000.0","1000.0","10.0","0.1","1000.0","0.1","0.1"
"148",974389.769970639,1686528.81046606,"0.1","10.0","1000.0","1000.0","10.0","10.0","0.1","0.1","0.1"
"149",990400.39754682,4823543.94087668,"0.1","10.0","1000.0","1000.0","10.0","10.0","10.0","0.1","0.1"
"150",384209.185847643,779.164457239033,"0.1","10.0","1000.0","1000.0","10.0","10.0","1000.0","0.1","0.1"
"151",984008.950608393,2644949.62719714,"0.1","10.0","1000.0","1000.0","10.0","1000.0","0.1","0.1","0.1"
"152",984509.096752648,2699826.50367952,"0.1","10.0","1000.0","1000.0","10.0","1000.0","10.0","0.1","0.1"
"153",1002785.23552041,9476275.81530396,"0.1","10.0","1000.0","1000.0","10.0","1000.0","1000.0","0.1","0.1"
"154",2431182.72330336,275244.141996237,"0.1","10.0","1000.0","1000.0","1000.0","0.1","0.1","0.1","0.1"
"155",2938175.11926054,346407.411892402,"0.1","10.0","1000.0","1000.0","1000.0","0.1","10.0","0.1","0.1"
"156",4369500.66383786,518716.494942699,"0.1","10.0","1000.0","1000.0","1000.0","0.1","1000.0","0.1","0.1"
"157",6168859.74776835,7228.02173672042,"0.1","10.0","1000.0","1000.0","1000.0","10.0","0.1","0.1","0.1"
"158",6185245.23551597,7249.00587091169,"0.1","10.0","1000.0","1000.0","1000.0","10.0","10.0","0.1","0.1"
"159",10343241.0788165,13530.3170392518,"0.1","10.0","1000.0","1000.0","1000.0","10.0","1000.0","0.1","0.1"
"160",33272382.6621608,679.042446609454,"0.1","10.0","1000.0","1000.0","1000.0","1000.0","0.1","0.1","0.1"
"161",33272382.6640915,679.042446680129,"0.1","10.0","1000.0","1000.0","1000.0","1000.0","10.0","0.1","0.1"
"162",33272382.8571917,679.042453747925,"0.1","10.0","1000.0","1000.0","1000.0","1000.0","1000.0","0.1","0.1"
"163",3.50486424151512e-05,124812.407360778,"10.0","0.1","0.1","1000.0","0.1","0.1","0.1","0.1","0.1"
"164",0.000120346027442872,1097643710.43121,"10.0","0.1","0.1","1000.0","0.1","0.1","10.0","0.1","0.1"
"165",0.000120620898527806,1103125757.33592,"10.0","0.1","0.1","1000.0","0.1","0.1","1000.0","0.1","0.1"
"166",0.000120304048818499,1097625463.03165,"10.0","0.1","0.1","1000.0","0.1","10.0","0.1","0.1","0.1"
"167",0.00012030935087641,1096923601.31589,"10.0","0.1","0.1","1000.0","0.1","10.0","10.0","0.1","0.1"
"168",0.000120622618269019,1103166552.75574,"10.0","0.1","0.1","1000.0","0.1","10.0","1000.0","0.1","0.1"
"169",3.50098490174806e-05,124600.799243348,"10.0","0.1","0.1","1000.0","0.1","1000.0","0.1","0.1","0.1"
"170",0.000120348726799363,1097701234.63824,"10.0","0.1","0.1","1000.0","0.1","1000.0","10.0","0.1","0.1"
"171",0.000120596312381636,1103197479.35464,"10.0","0.1","0.1","1000.0","0.1","1000.0","1000.0","0.1","0.1"
"172",3.5048617353679e-05,123295.962236031,"10.0","0.1","0.1","1000.0","10.0","0.1","0.1","0.1","0.1"
"173",0.000120346916968833,1097661849.83426,"10.0","0.1","0.1","1000.0","10.0","0.1","10.0","0.1","0.1"
"174",0.000120622799530228,1103149848.6518,"10.0","0.1","0.1","1000.0","10.0","0.1","1000.0","0.1","0.1"
"175",3.50562311152421e-05,124854.16994183,"10.0","0.1","0.1","1000.0","10.0","10.0","0.1","0.1","0.1"
"176",0.000120361666333135,1097954408.33113,"10.0","0.1","0.1","1000.0","10.0","10.0","10.0","0.1","0.1"
"177",0.000120636461343997,1103440090.76736,"10.0","0.1","0.1","1000.0","10.0","10.0","1000.0","0.1","0.1"
"178",0.000120280284705592,1097518946.70222,"10.0","0.1","0.1","1000.0","10.0","1000.0","0.1","0.1","0.1"
"179",0.000120345696444675,1097674122.35778,"10.0","0.1","0.1","1000.0","10.0","1000.0","10.0","0.1","0.1"
"180",0.000120646980414174,1103797293.89063,"10.0","0.1","0.1","1000.0","10.0","1000.0","1000.0","0.1","0.1"
"181",0.000120292801860702,1097610353.06394,"10.0","0.1","0.1","1000.0","1000.0","0.1","0.1","0.1","0.1"
"182",0.00012034694484258,1097662701.73718,"10.0","0.1","0.1","1000.0","1000.0","0.1","10.0","0.1","0.1"
"183",0.000120616310279861,1103151644.18884,"10.0","0.1","0.1","1000.0","1000.0","0.1","1000.0","0.1","0.1"
"184",0.000120277137924383,1097267022.32796,"10.0","0.1","0.1","1000.0","1000.0","10.0","0.1","0.1","0.1"
"185",0.00012036107837928,1097970894.47641,"10.0","0.1","0.1","1000.0","1000.0","10.0","10.0","0.1","0.1"
"186",0.000120631123912383,1103459124.07331,"10.0","0.1","0.1","1000.0","1000.0","10.0","1000.0","0.1","0.1"
"187",0.000120345130259136,1098321817.54994,"10.0","0.1","0.1","1000.0","1000.0","1000.0","0.1","0.1","0.1"
"188",0.000120383214332092,1098390489.17384,"10.0","0.1","0.1","1000.0","1000.0","1000.0","10.0","0.1","0.1"
"189",0.000120640392630779,1103880577.34735,"10.0","0.1","0.1","1000.0","1000.0","1000.0","1000.0","0.1","0.1"
"190",992.164132474422,1.41906241036567,"10.0","0.1","10.0","1000.0","0.1","0.1","0.1","0.1","0.1"
"191",7844.94191606712,4889212.80601784,"10.0","0.1","10.0","1000.0","0.1","0.1","10.0","0.1","0.1"
"192",1401.11736209841,2.12834048273758,"10.0","0.1","10.0","1000.0","0.1","0.1","1000.0","0.1","0.1"
"193",7636.79306416311,2884428.46691888,"10.0","0.1","10.0","1000.0","0.1","10.0","0.1","0.1","0.1"
"194",7818.13334441169,4499218.30346893,"10.0","0.1","10.0","1000.0","0.1","10.0","10.0","0.1","0.1"
"195",7466.90271127533,1.44503284461709,"10.0","0.1","10.0","1000.0","0.1","10.0","1000.0","0.1","0.1"
"196",8367.89374155344,5051728.99435924,"10.0","0.1","10.0","1000.0","0.1","1000.0","0.1","0.1","0.1"
"197",8460.23462705873,3719323.0401341,"10.0","0.1","10.0","1000.0","0.1","1000.0","10.0","0.1","0.1"
"198",7530.09603804632,1732906.88279401,"10.0","0.1","10.0","1000.0","0.1","1000.0","1000.0","0.1","0.1"
"199",774209.584129149,9440862.44781145,"10.0","0.1","10.0","1000.0","10.0","0.1","0.1","0.1","0.1"
"200",756345.589712956,7231437.68034852,"10.0","0.1","10.0","1000.0","10.0","0.1","10.0","0.1","0.1"
"201",891392.868401646,7853935.33294134,"10.0","0.1","10.0","1000.0","10.0","0.1","1000.0","0.1","0.1"
"202",771095.140550283,10580534.3335673,"10.0","0.1","10.0","1000.0","10.0","10.0","0.1","0.1","0.1"
"203",770655.490981045,10526059.4518915,"10.0","0.1","10.0","1000.0","10.0","10.0","10.0","0.1","0.1"
"204",729629.016985638,3863600.56437069,"10.0","0.1","10.0","1000.0","10.0","10.0","1000.0","0.1","0.1"
"205",738767.671838312,1.28260911903828,"10.0","0.1","10.0","1000.0","10.0","1000.0","0.1","0.1","0.1"
"206",738857.303384497,1.28468591894319,"10.0","0.1","10.0","1000.0","10.0","1000.0","10.0","0.1","0.1"
"207",750498.038679259,1826491.70417793,"10.0","0.1","10.0","1000.0","10.0","1000.0","1000.0","0.1","0.1"
"208",7635666.2885342,10491.8953082736,"10.0","0.1","10.0","1000.0","1000.0","0.1","0.1","0.1","0.1"
"209",7372864.84003274,10064.5209153549,"10.0","0.1","10.0","1000.0","1000.0","0.1","10.0","0.1","0.1"
"210",7718992.8433255,11482.5375617268,"10.0","0.1","10.0","1000.0","1000.0","0.1","1000.0","0.1","0.1"
"211",30349665.0424804,713.629971451115,"10.0","0.1","10.0","1000.0","1000.0","10.0","0.1","0.1","0.1"
"212",30349665.0443507,713.629971532009,"10.0","0.1","10.0","1000.0","1000.0","10.0","10.0","0.1","0.1"
"213",30349665.2313229,713.629979618865,"10.0","0.1","10.0","1000.0","1000.0","10.0","1000.0","0.1","0.1"
"214",66075564.0307169,20394445.3009992,"10.0","0.1","10.0","1000.0","1000.0","1000.0","0.1","0.1","0.1"
"215",66089245.4415031,20419847.955997,"10.0","0.1","10.0","1000.0","1000.0","1000.0","10.0","0.1","0.1"
"216",67940181.5059475,23580621.9702238,"10.0","0.1","10.0","1000.0","1000.0","1000.0","1000.0","0.1","0.1"
"217",33302164.1173439,678.706379476214,"10.0","0.1","1000.0","1000.0","0.1","0.1","0.1","0.1","0.1"
"218",33302164.1192748,678.706379546764,"10.0","0.1","1000.0","1000.0","0.1","0.1","10.0","0.1","0.1"
"219",33302164.3124286,678.706386605408,"10.0","0.1","1000.0","1000.0","0.1","0.1","1000.0","0.1","0.1"
"220",20584.7500275729,3.62598843534486e-06,"10.0","0.1","1000.0","1000.0","0.1","10.0","0.1","0.1","0.1"
"221",20584.7992168295,3.62584097830567e-06,"10.0","0.1","1000.0","1000.0","0.1","10.0","10.0","0.1","0.1"
"222",20589.7297525575,3.6121956621861e-06,"10.0","0.1","1000.0","1000.0","0.1","10.0","1000.0","0.1","0.1"
"223",72648.9135640373,-1427.49048920826,"10.0","0.1","1000.0","1000.0","0.1","1000.0","0.1","0.1","0.1"
"224",72648.7724499111,-1463.15392514561,"10.0","0.1","1000.0","1000.0","0.1","1000.0","10.0","0.1","0.1"
"225",72635.0667250388,-4907.21657941432,"10.0","0.1","1000.0","1000.0","0.1","1000.0","1000.0","0.1","0.1"
"226",45256965.2691455,565.236501984911,"10.0","0.1","1000.0","1000.0","10.0","0.1","0.1","0.1","0.1"
"227",45256965.2720297,565.236502024033,"10.0","0.1","1000.0","1000.0","10.0","0.1","10.0","0.1","0.1"
"228",45256965.5604015,565.236505935006,"10.0","0.1","1000.0","1000.0","10.0","0.1","1000.0","0.1","0.1"
"229",438374951.215711,71.7724800033834,"10.0","0.1","1000.0","1000.0","10.0","10.0","0.1","0.1","0.1"
"230",438374951.227241,71.772480005547,"10.0","0.1","1000.0","1000.0","10.0","10.0","10.0","0.1","0.1"
"231",438374952.382419,71.7724802222798,"10.0","0.1","1000.0","1000.0","10.0","10.0","1000.0","0.1","0.1"
"232",72541.0902045115,-28358.3927341719,"10.0","0.1","1000.0","1000.0","10.0","1000.0","0.1","0.1","0.1"
"233",72540.9998601178,-28381.3052380185,"10.0","0.1","1000.0","1000.0","10.0","1000.0","10.0","0.1","0.1"
"234",72532.163956883,-30608.2577666934,"10.0","0.1","1000.0","1000.0","10.0","1000.0","1000.0","0.1","0.1"
"235",45404054.1422823,564.064217875092,"10.0","0.1","1000.0","1000.0","1000.0","0.1","0.1","0.1","0.1"
"236",45404054.1451772,564.06421791393,"10.0","0.1","1000.0","1000.0","1000.0","0.1","10.0","0.1","0.1"
"237",45404054.4347143,564.064221798563,"10.0","0.1","1000.0","1000.0","1000.0","0.1","1000.0","0.1","0.1"
"238",452376035.579296,69.3021478055851,"10.0","0.1","1000.0","1000.0","1000.0","10.0","0.1","0.1","0.1"
"239",452376035.591653,69.3021478076081,"10.0","0.1","1000.0","1000.0","1000.0","10.0","10.0","0.1","0.1"
"240",452376036.828233,69.3021480100669,"10.0","0.1","1000.0","1000.0","1000.0","10.0","1000.0","0.1","0.1"
"241",72539.92701809,-28654.6251318706,"10.0","0.1","1000.0","1000.0","1000.0","1000.0","0.1","0.1","0.1"
"242",72539.8373835306,-28677.3947290797,"10.0","0.1","1000.0","1000.0","1000.0","1000.0","10.0","0.1","0.1"
"243",72530.9777648508,-30891.4767373099,"10.0","0.1","1000.0","1000.0","1000.0","1000.0","1000.0","0.1","0.1"
"244",3.47789532139143e-05,123135.333689939,"10.0","10.0","0.1","1000.0","0.1","0.1","0.1","0.1","0.1"
"245",0.000117957285049603,1077494094.36364,"10.0","10.0","0.1","1000.0","0.1","0.1","10.0","0.1","0.1"
"246",0.000118231036687384,1082897173.24117,"10.0","10.0","0.1","1000.0","0.1","0.1","1000.0","0.1","0.1"
"247",3.47789715479605e-05,123130.858224119,"10.0","10.0","0.1","1000.0","0.1","10.0","0.1","0.1","0.1"
"248",0.000117957317789393,1077494883.74366,"10.0","10.0","0.1","1000.0","0.1","10.0","10.0","0.1","0.1"
"249",0.000118231053537949,1082897746.17934,"10.0","10.0","0.1","1000.0","0.1","10.0","1000.0","0.1","0.1"
"250",0.000117929894455839,1077451503.39443,"10.0","10.0","0.1","1000.0","0.1","1000.0","0.1","0.1","0.1"
"251",0.000117957332872511,1077495025.63143,"10.0","10.0","0.1","1000.0","0.1","1000.0","10.0","0.1","0.1"
"252",0.000118231035114056,1082897920.35292,"10.0","10.0","0.1","1000.0","0.1","1000.0","1000.0","0.1","0.1"
"253",3.47794967276007e-05,124675.334911169,"10.0","10.0","0.1","1000.0","10.0","0.1","0.1","0.1","0.1"
"254",0.000117959390510488,1077504883.88343,"10.0","10.0","0.1","1000.0","10.0","0.1","10.0","0.1","0.1"
"255",0.000118233187257462,1082910451.18645,"10.0","10.0","0.1","1000.0","10.0","0.1","1000.0","0.1","0.1"
"256",0.000117919485351998,1077517068.6027,"10.0","10.0","0.1","1000.0","10.0","10.0","0.1","0.1","0.1"
"257",0.000117960711189847,1077535326.49851,"10.0","10.0","0.1","1000.0","10.0","10.0","10.0","0.1","0.1"
"258",0.000118234017012479,1082943728.75184,"10.0","10.0","0.1","1000.0","10.0","10.0","1000.0","0.1","0.1"
"259",3.47808413651302e-05,123190.141252792,"10.0","10.0","0.1","1000.0","10.0","1000.0","0.1","0.1","0.1"
"260",0.000117929583726147,1076942168.10778,"10.0","10.0","0.1","1000.0","10.0","1000.0","10.0","0.1","0.1"
"261",0.000118240239763495,1082977835.20997,"10.0","10.0","0.1","1000.0","10.0","1000.0","1000.0","0.1","0.1"
"262",3.47628835000585e-05,124580.176543306,"10.0","10.0","0.1","1000.0","1000.0","0.1","0.1","0.1","0.1"
"263",0.000117959553351574,1077507284.85689,"10.0","10.0","0.1","1000.0","1000.0","0.1","10.0","0.1","0.1"
"264",0.000118215220815762,1082955045.02605,"10.0","10.0","0.1","1000.0","1000.0","0.1","1000.0","0.1","0.1"
"265",3.47806730529709e-05,124681.711405235,"10.0","10.0","0.1","1000.0","1000.0","10.0","0.1","0.1","0.1"
"266",0.000117961569688102,1077552834.9264,"10.0","10.0","0.1","1000.0","1000.0","10.0","10.0","0.1","0.1"
"267",0.000118235675753213,1082966318.15732,"10.0","10.0","0.1","1000.0","1000.0","10.0","1000.0","0.1","0.1"
"268",0.000117925341332452,1077831601.27601,"10.0","10.0","0.1","1000.0","1000.0","1000.0","0.1","0.1","0.1"
"269",0.000117974972461203,1077823517.12595,"10.0","10.0","0.1","1000.0","1000.0","1000.0","10.0","0.1","0.1"
"270",0.0001182518252458,1083232193.96647,"10.0","10.0","0.1","1000.0","1000.0","1000.0","1000.0","0.1","0.1"
"271",14.1038519654319,2.17870648950366,"10.0","10.0","10.0","1000.0","0.1","0.1","0.1","0.1","0.1"
"272",78.3554251230998,5198338.12313023,"10.0","10.0","10.0","1000.0","0.1","0.1","10.0","0.1","0.1"
"273",76.9558922955629,4263014.60166279,"10.0","10.0","10.0","1000.0","0.1","0.1","1000.0","0.1","0.1"
"274",72.6910840979029,1.31248382412087,"10.0","10.0","10.0","1000.0","0.1","10.0","0.1","0.1","0.1"
"275",83.2742996642405,796622.555563799,"10.0","10.0","10.0","1000.0","0.1","10.0","10.0","0.1","0.1"
"276",80.5574398827306,6684802.78190892,"10.0","10.0","10.0","1000.0","0.1","10.0","1000.0","0.1","0.1"
"277",78.3385321275998,1.46898436422185,"10.0","10.0","10.0","1000.0","0.1","1000.0","0.1","0.1","0.1"
"278",78.4844941871631,1.63725826982269,"10.0","10.0","10.0","1000.0","0.1","1000.0","10.0","0.1","0.1"
"279",82.5343022546656,6800015.92813161,"10.0","10.0","10.0","1000.0","0.1","1000.0","1000.0","0.1","0.1"
"280",8244.9156712814,436988.462155694,"10.0","10.0","10.0","1000.0","10.0","0.1","0.1","0.1","0.1"
"281",8483.1935163136,2125595.56559932,"10.0","10.0","10.0","1000.0","10.0","0.1","10.0","0.1","0.1"
"282",8444.89711199802,7733653.29278286,"10.0","10.0","10.0","1000.0","10.0","0.1","1000.0","0.1","0.1"
"283",7427.44334939561,503684.312973854,"10.0","10.0","10.0","1000.0","10.0","10.0","0.1","0.1","0.1"
"284",7898.6581777056,5276380.14012846,"10.0","10.0","10.0","1000.0","10.0","10.0","10.0","0.1","0.1"
"285",7431.27075902369,886546.917832733,"10.0","10.0","10.0","1000.0","10.0","10.0","1000.0","0.1","0.1"
"286",7825.67601733537,4619499.8027881,"10.0","10.0","10.0","1000.0","10.0","1000.0","0.1","0.1","0.1"
"287",8086.98481303735,5711317.65575025,"10.0","10.0","10.0","1000.0","10.0","1000.0","10.0","0.1","0.1"
"288",7358.65206787379,1.51806224885142,"10.0","10.0","10.0","1000.0","10.0","1000.0","1000.0","0.1","0.1"
"289",13.3786841850057,1.70261324282981,"10.0","10.0","10.0","1000.0","1000.0","0.1","0.1","0.1","0.1"
"290",470005.985377633,141579.872194323,"10.0","10.0","10.0","1000.0","1000.0","0.1","10.0","0.1","0.1"
"291",771061.77508213,6239495.49716914,"10.0","10.0","10.0","1000.0","1000.0","0.1","1000.0","0.1","0.1"
"292",734209.444849997,3779055.52809695,"10.0","10.0","10.0","1000.0","1000.0","10.0","0.1","0.1","0.1"
"293",719512.846127601,875959.727910749,"10.0","10.0","10.0","1000.0","1000.0","10.0","10.0","0.1","0.1"
"294",858117.359991126,12508567.0358725,"10.0","10.0","10.0","1000.0","1000.0","10.0","1000.0","0.1","0.1"
"295",817722.217494618,14316765.6338297,"10.0","10.0","10.0","1000.0","1000.0","1000.0","0.1","0.1","0.1"
"296",817120.36605482,14293510.9122354,"10.0","10.0","10.0","1000.0","1000.0","1000.0","10.0","0.1","0.1"
"297",767266.905976731,10239751.5506213,"10.0","10.0","10.0","1000.0","1000.0","1000.0","1000.0","0.1","0.1"
"298",35204.3464623609,40.9808146170087,"10.0","10.0","1000.0","1000.0","0.1","0.1","0.1","0.1","0.1"
"299",550319.20322955,1697.73069964739,"10.0","10.0","1000.0","1000.0","0.1","0.1","10.0","0.1","0.1"
"300",2135.41527288903,2.38254440750736,"10.0","10.0","1000.0","1000.0","0.1","0.1","1000.0","0.1","0.1"
"301",1005229.43280859,7976633.74287329,"10.0","10.0","1000.0","1000.0","0.1","10.0","0.1","0.1","0.1"
"302",1005229.27129876,7974308.70054092,"10.0","10.0","1000.0","1000.0","0.1","10.0","10.0","0.1","0.1"
"303",984795.955348251,13374589.9504764,"10.0","10.0","1000.0","1000.0","0.1","10.0","1000.0","0.1","0.1"
"304",931753.060047094,844486.731008743,"10.0","10.0","1000.0","1000.0","0.1","1000.0","0.1","0.1","0.1"
"305",931321.265915211,818750.700155985,"10.0","10.0","1000.0","1000.0","0.1","1000.0","10.0","0.1","0.1"
"306",886098.738066749,10.0343354461395,"10.0","10.0","1000.0","1000.0","0.1","1000.0","1000.0","0.1","0.1"
"307",9489852.16139956,11962.3735620872,"10.0","10.0","1000.0","1000.0","10.0","0.1","0.1","0.1","0.1"
"308",9456204.74440725,11906.6273070299,"10.0","10.0","1000.0","1000.0","10.0","0.1","10.0","0.1","0.1"
"309",8374342.79415241,10939.6175931588,"10.0","10.0","1000.0","1000.0","10.0","0.1","1000.0","0.1","0.1"
"310",33302152.8160088,678.706506945717,"10.0","10.0","1000.0","1000.0","10.0","10.0","0.1","0.1","0.1"
"311",33302152.8179409,678.706507016325,"10.0","10.0","1000.0","1000.0","10.0","10.0","10.0","0.1","0.1"
"312",33302153.0110943,678.706514074925,"10.0","10.0","1000.0","1000.0","10.0","10.0","1000.0","0.1","0.1"
"313",66499818.7855676,1128.45368409413,"10.0","10.0","1000.0","1000.0","10.0","1000.0","0.1","0.1","0.1"
"314",72839014.8025728,86979.6913636485,"10.0","10.0","1000.0","1000.0","10.0","1000.0","10.0","0.1","0.1"
"315",70948548.4530401,1057.14731726578,"10.0","10.0","1000.0","1000.0","10.0","1000.0","1000.0","0.1","0.1"
"316",1416260.45019553,1643.42383450843,"10.0","10.0","1000.0","1000.0","1000.0","0.1","0.1","0.1","0.1"
"317",4031667.09279308,4757.35986327943,"10.0","10.0","1000.0","1000.0","1000.0","0.1","10.0","0.1","0.1"
"318",1514942.16141618,1614.9971692838,"10.0","10.0","1000.0","1000.0","1000.0","0.1","1000.0","0.1","0.1"
"319",45256950.549255,565.236619530396,"10.0","10.0","1000.0","1000.0","1000.0","10.0","0.1","0.1","0.1"
"320",45256950.5521381,565.236619569499,"10.0","10.0","1000.0","1000.0","1000.0","10.0","10.0","0.1","0.1"
"321",45256950.8405112,565.236623480496,"10.0","10.0","1000.0","1000.0","1000.0","10.0","1000.0","0.1","0.1"
"322",438374042.946644,71.7726454019017,"10.0","10.0","1000.0","1000.0","1000.0","1000.0","0.1","0.1","0.1"
"323",438374042.958201,71.7726454040701,"10.0","10.0","1000.0","1000.0","1000.0","1000.0","10.0","0.1","0.1"
"324",438374044.113362,71.7726456207998,"10.0","10.0","1000.0","1000.0","1000.0","1000.0","1000.0","0.1","0.1"
"325",0.0148704499100281,3039301435.06584,"1000.0","0.1","0.1","1000.0","0.1","0.1","0.1","0.1","0.1"
"326",0.0148704499584647,3039301435.06261,"1000.0","0.1","0.1","1000.0","0.1","0.1","10.0","0.1","0.1"
"327",0.0148704548021947,3039301435.07848,"1000.0","0.1","0.1","1000.0","0.1","0.1","1000.0","0.1","0.1"
"328",0.014870449910028,3039301435.0644,"1000.0","0.1","0.1","1000.0","0.1","10.0","0.1","0.1","0.1"
"329",0.014870449958463,3039301435.06227,"1000.0","0.1","0.1","1000.0","0.1","10.0","10.0","0.1","0.1"
"330",0.0148704548021934,3039301435.07852,"1000.0","0.1","0.1","1000.0","0.1","10.0","1000.0","0.1","0.1"
"331",0.0148704499100271,3039301435.06435,"1000.0","0.1","0.1","1000.0","0.1","1000.0","0.1","0.1","0.1"
"332",0.014870449958466,3039301435.06354,"1000.0","0.1","0.1","1000.0","0.1","1000.0","10.0","0.1","0.1"
"333",0.0148704548021957,3039301435.07847,"1000.0","0.1","0.1","1000.0","0.1","1000.0","1000.0","0.1","0.1"
"334",0.0148706423844826,3039252280.16115,"1000.0","0.1","0.1","1000.0","10.0","0.1","0.1","0.1","0.1"
"335",0.014870642432923,3039252280.1588,"1000.0","0.1","0.1","1000.0","10.0","0.1","10.0","0.1","0.1"
"336",0.0148706472768541,3039252280.16023,"1000.0","0.1","0.1","1000.0","10.0","0.1","1000.0","0.1","0.1"
"337",0.0148706423844825,3039252280.15901,"1000.0","0.1","0.1","1000.0","10.0","10.0","0.1","0.1","0.1"
"338",0.0148706424329225,3039252280.15885,"1000.0","0.1","0.1","1000.0","10.0","10.0","10.0","0.1","0.1"
"339",0.0148706472768553,3039252280.15899,"1000.0","0.1","0.1","1000.0","10.0","10.0","1000.0","0.1","0.1"
"340",0.014870642384482,3039252280.15887,"1000.0","0.1","0.1","1000.0","10.0","1000.0","0.1","0.1","0.1"
"341",0.0148706424329231,3039252280.16073,"1000.0","0.1","0.1","1000.0","10.0","1000.0","10.0","0.1","0.1"
"342",0.0148706472768547,3039252280.15905,"1000.0","0.1","0.1","1000.0","10.0","1000.0","1000.0","0.1","0.1"
"343",0.0148706443092804,3039251788.60575,"1000.0","0.1","0.1","1000.0","1000.0","0.1","0.1","0.1","0.1"
"344",0.0148706443577182,3039251788.60332,"1000.0","0.1","0.1","1000.0","1000.0","0.1","10.0","0.1","0.1"
"345",0.0148706492016544,3039251788.60456,"1000.0","0.1","0.1","1000.0","1000.0","0.1","1000.0","0.1","0.1"
"346",0.0148706443092809,3039251788.60384,"1000.0","0.1","0.1","1000.0","1000.0","10.0","0.1","0.1","0.1"
"347",0.0148706443577194,3039251788.60479,"1000.0","0.1","0.1","1000.0","1000.0","10.0","10.0","0.1","0.1"
"348",0.0148706492016535,3039251788.60359,"1000.0","0.1","0.1","1000.0","1000.0","10.0","1000.0","0.1","0.1"
"349",0.0148706443092796,3039251788.60421,"1000.0","0.1","0.1","1000.0","1000.0","1000.0","0.1","0.1","0.1"
"350",0.014870644357719,3039251788.60542,"1000.0","0.1","0.1","1000.0","1000.0","1000.0","10.0","0.1","0.1"
"351",0.014870649201655,3039251788.60334,"1000.0","0.1","0.1","1000.0","1000.0","1000.0","1000.0","0.1","0.1"
"352",972895.716976793,14336877.8484429,"1000.0","0.1","10.0","1000.0","0.1","0.1","0.1","0.1","0.1"
"353",973194.616703919,14315748.4482389,"1000.0","0.1","10.0","1000.0","0.1","0.1","10.0","0.1","0.1"
"354",930487.929460902,15279101.1555386,"1000.0","0.1","10.0","1000.0","0.1","0.1","1000.0","0.1","0.1"
"355",925139.913581412,556637.226226933,"1000.0","0.1","10.0","1000.0","0.1","10.0","0.1","0.1","0.1"
"356",922972.43146144,468887.444944346,"1000.0","0.1","10.0","1000.0","0.1","10.0","10.0","0.1","0.1"
"357",869424.649741705,3.51465394049688,"1000.0","0.1","10.0","1000.0","0.1","10.0","1000.0","0.1","0.1"
"358",20052.8904561309,3.10798749232967e-06,"1000.0","0.1","10.0","1000.0","0.1","1000.0","0.1","0.1","0.1"
"359",20063.5724328655,3.13924024686813e-06,"1000.0","0.1","10.0","1000.0","0.1","1000.0","10.0","0.1","0.1"
"360",20063.5509651895,3.14013165101662e-06,"1000.0","0.1","10.0","1000.0","0.1","1000.0","1000.0","0.1","0.1"
"361",33273521.2724456,679.02959223346,"1000.0","0.1","10.0","1000.0","10.0","0.1","0.1","0.1","0.1"
"362",33273521.2743761,679.029592304127,"1000.0","0.1","10.0","1000.0","10.0","0.1","10.0","0.1","0.1"
"363",33273521.4674698,679.029599371671,"1000.0","0.1","10.0","1000.0","10.0","0.1","1000.0","0.1","0.1"
"364",84748182.9295062,10921802.9164368,"1000.0","0.1","10.0","1000.0","10.0","10.0","0.1","0.1","0.1"
"365",83893831.1975126,9192591.90204403,"1000.0","0.1","10.0","1000.0","10.0","10.0","10.0","0.1","0.1"
"366",79827981.6214212,3684514.27675754,"1000.0","0.1","10.0","1000.0","10.0","10.0","1000.0","0.1","0.1"
"367",56196.4097776354,3.24465201950279e-06,"1000.0","0.1","10.0","1000.0","10.0","1000.0","0.1","0.1","0.1"
"368",56208.7308178287,3.24484528744937e-06,"1000.0","0.1","10.0","1000.0","10.0","1000.0","10.0","0.1","0.1"
"369",57411.6591525942,3.26392438278093e-06,"1000.0","0.1","10.0","1000.0","10.0","1000.0","1000.0","0.1","0.1"
"370",45224518.9028901,565.49571375111,"1000.0","0.1","10.0","1000.0","1000.0","0.1","0.1","0.1","0.1"
"371",45224518.9057728,565.495713790247,"1000.0","0.1","10.0","1000.0","1000.0","0.1","10.0","0.1","0.1"
"372",45224519.194096,565.495717705439,"1000.0","0.1","10.0","1000.0","1000.0","0.1","1000.0","0.1","0.1"
"373",438060150.12114,71.8298474724574,"1000.0","0.1","10.0","1000.0","1000.0","10.0","0.1","0.1","0.1"
"374",438060150.132679,71.8298474746262,"1000.0","0.1","10.0","1000.0","1000.0","10.0","10.0","0.1","0.1"
"375",438060151.286861,71.8298476915394,"1000.0","0.1","10.0","1000.0","1000.0","10.0","1000.0","0.1","0.1"
"376",58446.1603831816,3.29713140949284e-06,"1000.0","0.1","10.0","1000.0","1000.0","1000.0","0.1","0.1","0.1"
"377",58458.4905114328,3.29734267501046e-06,"1000.0","0.1","10.0","1000.0","1000.0","1000.0","10.0","0.1","0.1"
"378",59661.1571486702,3.31826413692961e-06,"1000.0","0.1","10.0","1000.0","1000.0","1000.0","1000.0","0.1","0.1"
"379",438378106.809664,71.7719053655938,"1000.0","0.1","1000.0","1000.0","0.1","0.1","0.1","0.1","0.1"
"380",438378106.821242,71.7719053677663,"1000.0","0.1","1000.0","1000.0","0.1","0.1","10.0","0.1","0.1"
"381",438378107.9764,71.7719055844919,"1000.0","0.1","1000.0","1000.0","0.1","0.1","1000.0","0.1","0.1"
"382",73941.4461590125,-32646.0165042262,"1000.0","0.1","1000.0","1000.0","0.1","10.0","0.1","0.1","0.1"
"383",73941.3588202502,-32667.7935499732,"1000.0","0.1","1000.0","1000.0","0.1","10.0","10.0","0.1","0.1"
"384",73932.8367290222,-34786.3262852491,"1000.0","0.1","1000.0","1000.0","0.1","10.0","1000.0","0.1","0.1"
"385",709019.522189982,-1303028.75040776,"1000.0","0.1","1000.0","1000.0","0.1","1000.0","0.1","0.1","0.1"
"386",709019.394092518,-1303031.58080768,"1000.0","0.1","1000.0","1000.0","0.1","1000.0","10.0","0.1","0.1"
"387",709006.450347941,-1303312.62823686,"1000.0","0.1","1000.0","1000.0","0.1","1000.0","1000.0","0.1","0.1"
"388",452379185.540323,69.3016093378845,"1000.0","0.1","1000.0","1000.0","10.0","0.1","0.1","0.1","0.1"
"389",452379185.552698,69.3016093399106,"1000.0","0.1","1000.0","1000.0","10.0","0.1","10.0","0.1","0.1"
"390",452379186.789264,69.3016095423644,"1000.0","0.1","1000.0","1000.0","10.0","0.1","1000.0","0.1","0.1"
"391",73940.1524488665,-32945.5457914673,"1000.0","0.1","1000.0","1000.0","10.0","10.0","0.1","0.1","0.1"
"392",73940.0658228282,-32967.1777480672,"1000.0","0.1","1000.0","1000.0","10.0","10.0","10.0","0.1","0.1"
"393",73931.6473090814,-35071.4964516169,"1000.0","0.1","1000.0","1000.0","10.0","10.0","1000.0","0.1","0.1"
"394",709048.681835326,-1303418.79941094,"1000.0","0.1","1000.0","1000.0","10.0","1000.0","0.1","0.1","0.1"
"395",709048.554562626,-1303421.55260698,"1000.0","0.1","1000.0","1000.0","10.0","1000.0","10.0","0.1","0.1"
"396",709035.896659115,-1303695.36475925,"1000.0","0.1","1000.0","1000.0","10.0","1000.0","1000.0","0.1","0.1"
"397",452521278.948759,69.2773271382967,"1000.0","0.1","1000.0","1000.0","1000.0","0.1","0.1","0.1","0.1"
"398",452521278.961144,69.2773271403214,"1000.0","0.1","1000.0","1000.0","1000.0","0.1","10.0","0.1","0.1"
"399",452521280.19855,69.2773273426366,"1000.0","0.1","1000.0","1000.0","1000.0","0.1","1000.0","0.1","0.1"
"400",73940.121841663,-32949.0088587215,"1000.0","0.1","1000.0","1000.0","1000.0","10.0","0.1","0.1","0.1"
"401",73940.0446192027,-32970.5285867669,"1000.0","0.1","1000.0","1000.0","1000.0","10.0","10.0","0.1","0.1"
"402",73931.6352165577,-35074.6738510086,"1000.0","0.1","1000.0","1000.0","1000.0","10.0","1000.0","0.1","0.1"
"403",709009.877691626,-1303314.00690578,"1000.0","0.1","1000.0","1000.0","1000.0","1000.0","0.1","0.1","0.1"
"404",709009.750720857,-1303316.76542565,"1000.0","0.1","1000.0","1000.0","1000.0","1000.0","10.0","0.1","0.1"
"405",708997.122116957,-1303591.10131441,"1000.0","0.1","1000.0","1000.0","1000.0","1000.0","1000.0","0.1","0.1"
"406",0.0147235470790077,3077223304.94868,"1000.0","10.0","0.1","1000.0","0.1","0.1","0.1","0.1","0.1"
"407",0.0147235471263145,3077223304.95933,"1000.0","10.0","0.1","1000.0","0.1","0.1","10.0","0.1","0.1"
"408",0.0147235518571016,3077223306.54396,"1000.0","10.0","0.1","1000.0","0.1","0.1","1000.0","0.1","0.1"
"409",0.0147235470790093,3077223304.94728,"1000.0","10.0","0.1","1000.0","0.1","10.0","0.1","0.1","0.1"
"410",0.0147235471263145,3077223304.95992,"1000.0","10.0","0.1","1000.0","0.1","10.0","10.0","0.1","0.1"
"411",0.0147235518571,3077223306.54348,"1000.0","10.0","0.1","1000.0","0.1","10.0","1000.0","0.1","0.1"
"412",0.0147235470790109,3077223304.95004,"1000.0","10.0","0.1","1000.0","0.1","1000.0","0.1","0.1","0.1"
"413",0.0147235471263151,3077223304.96146,"1000.0","10.0","0.1","1000.0","0.1","1000.0","10.0","0.1","0.1"
"414",0.0147235518570996,3077223306.541,"1000.0","10.0","0.1","1000.0","0.1","1000.0","1000.0","0.1","0.1"
"415",0.0147422249462103,3072356435.69589,"1000.0","10.0","0.1","1000.0","10.0","0.1","0.1","0.1","0.1"
"416",0.01474222499371,3072356435.69352,"1000.0","10.0","0.1","1000.0","10.0","0.1","10.0","0.1","0.1"
"417",0.0147422297440117,3072356435.70752,"1000.0","10.0","0.1","1000.0","10.0","0.1","1000.0","0.1","0.1"
"418",0.0147422249462086,3072356435.69402,"1000.0","10.0","0.1","1000.0","10.0","10.0","0.1","0.1","0.1"
"419",0.0147422249937104,3072356435.69152,"1000.0","10.0","0.1","1000.0","10.0","10.0","10.0","0.1","0.1"
"420",0.0147422297440124,3072356435.70733,"1000.0","10.0","0.1","1000.0","10.0","10.0","1000.0","0.1","0.1"
"421",0.0147422249462095,3072356435.69378,"1000.0","10.0","0.1","1000.0","10.0","1000.0","0.1","0.1","0.1"
"422",0.0147422249937112,3072356435.69147,"1000.0","10.0","0.1","1000.0","10.0","1000.0","10.0","0.1","0.1"
"423",0.0147422297440121,3072356435.70762,"1000.0","10.0","0.1","1000.0","10.0","1000.0","1000.0","0.1","0.1"
"424",0.0147424122230537,3072307704.64655,"1000.0","10.0","0.1","1000.0","1000.0","0.1","0.1","0.1","0.1"
"425",0.0147424122705571,3072307704.64158,"1000.0","10.0","0.1","1000.0","1000.0","0.1","10.0","0.1","0.1"
"426",0.0147424170210538,3072307704.644,"1000.0","10.0","0.1","1000.0","1000.0","0.1","1000.0","0.1","0.1"
"427",0.0147424122230541,3072307704.64344,"1000.0","10.0","0.1","1000.0","1000.0","10.0","0.1","0.1","0.1"
"428",0.0147424122705581,3072307704.6431,"1000.0","10.0","0.1","1000.0","1000.0","10.0","10.0","0.1","0.1"
"429",0.0147424170210531,3072307704.64521,"1000.0","10.0","0.1","1000.0","1000.0","10.0","1000.0","0.1","0.1"
"430",0.0147424122230511,3072307704.64092,"1000.0","10.0","0.1","1000.0","1000.0","1000.0","0.1","0.1","0.1"
"431",0.0147424122705568,3072307704.64107,"1000.0","10.0","0.1","1000.0","1000.0","1000.0","10.0","0.1","0.1"
"432",0.0147424170210553,3072307704.64243,"1000.0","10.0","0.1","1000.0","1000.0","1000.0","1000.0","0.1","0.1"
"433",1052.07096518562,1.32809275260741,"1000.0","10.0","10.0","1000.0","0.1","0.1","0.1","0.1","0.1"
"434",8677.31110346949,3614414.91797566,"1000.0","10.0","10.0","1000.0","0.1","0.1","10.0","0.1","0.1"
"435",9351.76851016184,6017608.16864762,"1000.0","10.0","10.0","1000.0","0.1","0.1","1000.0","0.1","0.1"
"436",8773.87891040674,4243090.14222355,"1000.0","10.0","10.0","1000.0","0.1","10.0","0.1","0.1","0.1"
"437",8869.71945351982,4901011.5391109,"1000.0","10.0","10.0","1000.0","0.1","10.0","10.0","0.1","0.1"
"438",8928.6905732734,5340726.38113928,"1000.0","10.0","10.0","1000.0","0.1","10.0","1000.0","0.1","0.1"
"439",9397.98999189588,4662517.88801491,"1000.0","10.0","10.0","1000.0","0.1","1000.0","0.1","0.1","0.1"
"440",9459.44226237751,3277598.63980785,"1000.0","10.0","10.0","1000.0","0.1","1000.0","10.0","0.1","0.1"
"441",9330.97140884838,5413943.90364518,"1000.0","10.0","10.0","1000.0","0.1","1000.0","1000.0","0.1","0.1"
"442",974138.221371514,1659552.17019892,"1000.0","10.0","10.0","1000.0","10.0","0.1","0.1","0.1","0.1"
"443",991789.978626881,5858876.61721001,"1000.0","10.0","10.0","1000.0","10.0","0.1","10.0","0.1","0.1"
"444",92706.1310509186,116.47158563467,"1000.0","10.0","10.0","1000.0","10.0","0.1","1000.0","0.1","0.1"
"445",973478.694361928,14294673.6423638,"1000.0","10.0","10.0","1000.0","10.0","10.0","0.1","0.1","0.1"
"446",972849.713598908,14339260.8586317,"1000.0","10.0","10.0","1000.0","10.0","10.0","10.0","0.1","0.1"
"447",931064.5726726,15289821.8275706,"1000.0","10.0","10.0","1000.0","10.0","10.0","1000.0","0.1","0.1"
"448",944203.204052433,2387980.79692888,"1000.0","10.0","10.0","1000.0","10.0","1000.0","0.1","0.1","0.1"
"449",943635.293400597,2245665.36404668,"1000.0","10.0","10.0","1000.0","10.0","1000.0","10.0","0.1","0.1"
"450",916011.281139751,252329.380347192,"1000.0","10.0","10.0","1000.0","10.0","1000.0","1000.0","0.1","0.1"
"451",6281354.38669698,7375.96435452002,"1000.0","10.0","10.0","1000.0","1000.0","0.1","0.1","0.1","0.1"
"452",7011476.53164621,8350.09711262911,"1000.0","10.0","10.0","1000.0","1000.0","0.1","10.0","0.1","0.1"
"453",10307957.3611799,13516.7744684451,"1000.0","10.0","10.0","1000.0","1000.0","0.1","1000.0","0.1","0.1"
"454",33273226.378014,679.032921409018,"1000.0","10.0","10.0","1000.0","1000.0","10.0","0.1","0.1","0.1"
"455",33273226.3799455,679.032921479722,"1000.0","10.0","10.0","1000.0","1000.0","10.0","10.0","0.1","0.1"
"456",33273226.573038,679.032928547341,"1000.0","10.0","10.0","1000.0","1000.0","10.0","1000.0","0.1","0.1"
"457",81853491.9041939,30213048.6336046,"1000.0","10.0","10.0","1000.0","1000.0","1000.0","0.1","0.1","0.1"
"458",82525972.3339497,30548042.5120842,"1000.0","10.0","10.0","1000.0","1000.0","1000.0","10.0","0.1","0.1"
"459",80501076.4621502,29224995.4406399,"1000.0","10.0","10.0","1000.0","1000.0","1000.0","1000.0","0.1","0.1"
"460",33302450.4597795,678.703149789955,"1000.0","10.0","1000.0","1000.0","0.1","0.1","0.1","0.1","0.1"
"461",33302450.4617113,678.703149860551,"1000.0","10.0","1000.0","1000.0","0.1","0.1","10.0","0.1","0.1"
"462",33302450.6548652,678.703156919066,"1000.0","10.0","1000.0","1000.0","0.1","0.1","1000.0","0.1","0.1"
"463",20588.4641739849,3.63387000897972e-06,"1000.0","10.0","1000.0","1000.0","0.1","10.0","0.1","0.1","0.1"
"464",20588.5126155242,3.63367688201132e-06,"1000.0","10.0","1000.0","1000.0","0.1","10.0","10.0","0.1","0.1"
"465",20593.6445289893,3.62215063360718e-06,"1000.0","10.0","1000.0","1000.0","0.1","10.0","1000.0","0.1","0.1"
"466",72644.0897823737,-2643.70551599193,"1000.0","10.0","1000.0","1000.0","0.1","1000.0","0.1","0.1","0.1"
"467",72643.9503762982,-2678.79788403806,"1000.0","10.0","1000.0","1000.0","0.1","1000.0","10.0","0.1","0.1"
"468",72630.3783021608,-6068.41866469335,"1000.0","10.0","1000.0","1000.0","0.1","1000.0","1000.0","0.1","0.1"
"469",45257289.6134176,565.23391194969,"1000.0","10.0","1000.0","1000.0","10.0","0.1","0.1","0.1","0.1"
"470",45257289.6163019,565.233911988805,"1000.0","10.0","1000.0","1000.0","10.0","0.1","10.0","0.1","0.1"
"471",45257289.9046738,565.233915899729,"1000.0","10.0","1000.0","1000.0","10.0","0.1","1000.0","0.1","0.1"
"472",438378097.726975,71.7719070195571,"1000.0","10.0","1000.0","1000.0","10.0","10.0","0.1","0.1","0.1"
"473",438378097.738511,71.7719070217218,"1000.0","10.0","1000.0","1000.0","10.0","10.0","10.0","0.1","0.1"
"474",438378098.893707,71.7719072384542,"1000.0","10.0","1000.0","1000.0","10.0","10.0","1000.0","0.1","0.1"
"475",72535.2644889199,-29830.9890033621,"1000.0","10.0","1000.0","1000.0","10.0","1000.0","0.1","0.1","0.1"
"476",72535.1756561354,-29853.2057893017,"1000.0","10.0","1000.0","1000.0","10.0","1000.0","10.0","0.1","0.1"
"477",72526.5751858001,-32012.9880395704,"1000.0","10.0","1000.0","1000.0","10.0","1000.0","1000.0","0.1","0.1"
"478",45404378.7582595,564.061635776549,"1000.0","10.0","1000.0","1000.0","1000.0","0.1","0.1","0.1","0.1"
"479",45404378.7611548,564.061635815395,"1000.0","10.0","1000.0","1000.0","1000.0","0.1","10.0","0.1","0.1"
"480",45404379.0506918,564.061639699983,"1000.0","10.0","1000.0","1000.0","1000.0","0.1","1000.0","0.1","0.1"
"481",452379176.162786,69.301610940913,"1000.0","10.0","1000.0","1000.0","1000.0","10.0","0.1","0.1","0.1"
"482",452379176.175135,69.3016109429342,"1000.0","10.0","1000.0","1000.0","1000.0","10.0","10.0","0.1","0.1"
"483",452379177.411717,69.3016111453901,"1000.0","10.0","1000.0","1000.0","1000.0","10.0","1000.0","0.1","0.1"
"484",72533.8474337123,-30131.1884236257,"1000.0","10.0","1000.0","1000.0","1000.0","1000.0","0.1","0.1","0.1"
"485",72533.7657777264,-30153.1821465358,"1000.0","10.0","1000.0","1000.0","1000.0","1000.0","10.0","0.1","0.1"
"486",72525.2756334969,-32298.6907884373,"1000.0","10.0","1000.0","1000.0","1000.0","1000.0","1000.0","0.1","0.1"
